sample_index,true_score,prediction,abs_error
0,-2.799999952316284,-1.728684902191162,1.071315050125122
1,-2.5999999046325684,-2.1285347938537598,0.4714651107788086
2,-0.800000011920929,-0.6712533235549927,0.12874668836593628
3,1.600000023841858,1.4550483226776123,0.1449517011642456
4,-2.200000047683716,-1.20166015625,0.9983398914337158
5,-2.5999999046325684,-1.6762628555297852,0.9237370491027832
6,-3.0,-2.071388006210327,0.9286119937896729
7,-2.799999952316284,-1.7424055337905884,1.0575944185256958
8,-0.4000000059604645,0.18925395607948303,0.5892539620399475
9,0.800000011920929,0.7484143376350403,0.05158567428588867
10,1.0,0.7580709457397461,0.2419290542602539
11,-2.799999952316284,-2.134906530380249,0.6650934219360352
12,-2.5999999046325684,1.1798709630966187,3.779870867729187
13,1.2000000476837158,1.89894437789917,0.6989443302154541
14,-2.4000000953674316,-0.8744947910308838,1.5255053043365479
15,-2.0,-1.614079236984253,0.38592076301574707
16,-1.399999976158142,1.6395924091339111,3.0395923852920532
17,-2.25,-2.0411183834075928,0.20888161659240723
18,-1.7999999523162842,1.1583490371704102,2.9583489894866943
19,-1.7999999523162842,-0.9331653118133545,0.8668346405029297
20,-0.800000011920929,0.8397710919380188,1.6397711038589478
21,-2.4000000953674316,-0.06438801437616348,2.335612080991268
22,-0.6000000238418579,-1.389434576034546,0.789434552192688
23,-1.7999999523162842,-1.9465782642364502,0.14657831192016602
24,0.0,0.8261719346046448,0.8261719346046448
25,-2.5999999046325684,-1.5019471645355225,1.098052740097046
26,-1.7999999523162842,-0.7803252935409546,1.0196746587753296
27,-0.800000011920929,0.39996016025543213,1.199960172176361
28,0.6000000238418579,1.2981386184692383,0.6981385946273804
29,1.2000000476837158,1.1863365173339844,0.013663530349731445
30,-1.399999976158142,-1.0602161884307861,0.33978378772735596
31,-2.200000047683716,-1.634481430053711,0.5655186176300049
32,-1.7999999523162842,-0.867361843585968,0.9326381087303162
33,2.200000047683716,1.080216407775879,1.119783639907837
34,2.5,1.203141450881958,1.296858549118042
35,1.0,-0.407863050699234,1.407863050699234
36,0.6000000238418579,-0.5786406993865967,1.1786407232284546
37,2.799999952316284,2.063673973083496,0.7363259792327881
38,2.799999952316284,2.4698944091796875,0.3301055431365967
39,3.0,2.5030713081359863,0.49692869186401367
40,-0.6000000238418579,-1.2224695682525635,0.6224695444107056
41,-0.20000000298023224,-0.11246641725301743,0.08753358572721481
42,1.600000023841858,1.2902815341949463,0.3097184896469116
43,2.0,1.2702982425689697,0.7297017574310303
44,-1.0,-0.3661392331123352,0.6338607668876648
45,-1.600000023841858,-0.9050058126449585,0.6949942111968994
46,-2.5999999046325684,-1.5111982822418213,1.088801622390747
47,-2.4000000953674316,-1.9785270690917969,0.42147302627563477
48,-2.799999952316284,-1.187495231628418,1.6125047206878662
49,-2.5999999046325684,-1.2632707357406616,1.3367291688919067
50,3.0,2.0227060317993164,0.9772939682006836
51,-1.0,-0.8656765222549438,0.13432347774505615
52,1.600000023841858,2.05706787109375,0.4570678472518921
53,2.0,2.6014657020568848,0.6014657020568848
54,1.2000000476837158,1.8784791231155396,0.6784790754318237
55,0.5,-0.8926350474357605,1.3926350474357605
56,1.7999999523162842,1.844374179840088,0.04437422752380371
57,-2.4000000953674316,-1.7257859706878662,0.6742141246795654
58,-1.0,1.574560523033142,2.574560523033142
59,-1.0,-1.908259630203247,0.9082596302032471
60,2.200000047683716,-1.3340950012207031,3.534095048904419
61,2.0,2.2787351608276367,0.2787351608276367
62,-1.2000000476837158,-1.7613590955734253,0.5613590478897095
63,-2.5999999046325684,-1.6767683029174805,0.9232316017150879
64,3.0,2.270226240158081,0.729773759841919
65,2.4000000953674316,2.588205099105835,0.18820500373840332
66,2.5999999046325684,1.8474483489990234,0.7525515556335449
67,0.20000000298023224,0.22788217663764954,0.027882173657417297
68,2.5,1.788013219833374,0.711986780166626
69,1.600000023841858,2.377596139907837,0.777596116065979
70,-1.0,-0.8122051358222961,0.18779486417770386
71,1.399999976158142,2.0795023441314697,0.6795023679733276
72,0.0,-0.19070446491241455,0.19070446491241455
73,1.0,-0.6594055891036987,1.6594055891036987
74,1.0,1.3478814363479614,0.3478814363479614
75,1.7999999523162842,1.4358665943145752,0.364133358001709
76,-0.800000011920929,-0.8567284345626831,0.05672842264175415
77,1.7999999523162842,1.7757420539855957,0.024257898330688477
78,-0.6000000238418579,-1.024094820022583,0.4240947961807251
79,-1.0,-1.1699607372283936,0.16996073722839355
80,1.399999976158142,0.7304397821426392,0.6695601940155029
81,1.2000000476837158,1.594907283782959,0.39490723609924316
82,2.0,2.2932441234588623,0.2932441234588623
83,1.399999976158142,1.2389426231384277,0.16105735301971436
84,2.0,1.8859753608703613,0.11402463912963867
85,-1.0,-1.6584961414337158,0.6584961414337158
86,-0.6000000238418579,-0.26145055890083313,0.3385494649410248
87,0.0,-0.7495003938674927,0.7495003938674927
88,-0.6000000238418579,-1.157273292541504,0.557273268699646
89,-0.6000000238418579,-0.6321864724159241,0.03218644857406616
90,-0.25,-0.7847663164138794,0.5347663164138794
91,0.800000011920929,-0.3713504374027252,1.1713504493236542
92,-1.0,-0.13466781377792358,0.8653321862220764
93,-0.6000000238418579,-0.10345559567213058,0.4965444281697273
94,0.20000000298023224,-0.5343711376190186,0.7343711405992508
95,0.4000000059604645,-0.12315502017736435,0.5231550261378288
96,0.20000000298023224,-0.04693199694156647,0.2469319999217987
97,-1.2000000476837158,0.13121548295021057,1.3312155306339264
98,0.6000000238418579,1.1311464309692383,0.5311464071273804
99,0.800000011920929,-0.09891048818826675,0.8989105001091957
100,-2.200000047683716,-1.190394639968872,1.0096054077148438
101,-1.399999976158142,-1.0387396812438965,0.3612602949142456
102,2.0,1.5931165218353271,0.40688347816467285
103,0.0,-1.2942560911178589,1.2942560911178589
104,2.0,1.314900279045105,0.685099720954895
105,-1.0,-2.184185266494751,1.184185266494751
106,2.200000047683716,1.7392020225524902,0.4607980251312256
107,1.600000023841858,1.8786702156066895,0.27867019176483154
108,0.4000000059604645,0.10098953545093536,0.2990104705095291
109,2.200000047683716,2.656454086303711,0.4564540386199951
110,1.399999976158142,1.1991150379180908,0.20088493824005127
111,0.4000000059604645,0.6552881002426147,0.25528809428215027
112,2.4000000953674316,2.3736352920532227,0.026364803314208984
113,2.0,1.8210779428482056,0.17892205715179443
114,2.200000047683716,2.137575626373291,0.062424421310424805
115,2.0,1.2794594764709473,0.7205405235290527
116,2.5999999046325684,1.7874398231506348,0.8125600814819336
117,2.0,2.4882776737213135,0.4882776737213135
118,1.600000023841858,0.7806276082992554,0.8193724155426025
119,0.800000011920929,-0.5841516852378845,1.3841516971588135
120,0.20000000298023224,1.2431304454803467,1.0431304425001144
121,-2.799999952316284,-2.562298536300659,0.237701416015625
122,-1.7999999523162842,-1.5757324695587158,0.22426748275756836
123,0.20000000298023224,-0.010447276756167412,0.21044727973639965
124,-1.600000023841858,-1.6549711227416992,0.05497109889984131
125,-1.3333333730697632,-1.9101026058197021,0.576769232749939
126,-2.0,-1.2843742370605469,0.7156257629394531
127,-2.799999952316284,-1.9236507415771484,0.8763492107391357
128,-2.200000047683716,-1.6770009994506836,0.5229990482330322
129,-2.4000000953674316,-1.8167057037353516,0.5832943916320801
130,-1.2000000476837158,-1.7090935707092285,0.5090935230255127
131,-1.0,-0.7836199402809143,0.2163800597190857
132,1.399999976158142,1.7063485383987427,0.3063485622406006
133,-2.0,-2.0424644947052,0.042464494705200195
134,-1.7999999523162842,-1.8914241790771484,0.09142422676086426
135,-1.75,-1.8135898113250732,0.06358981132507324
136,-2.0,-1.7280269861221313,0.27197301387786865
137,-2.0,-1.702743649482727,0.29725635051727295
138,-2.0,-1.8703981637954712,0.1296018362045288
139,-2.799999952316284,-1.318039894104004,1.4819600582122803
140,1.0,-0.5682516098022461,1.568251609802246
141,-2.4000000953674316,-2.0202863216400146,0.379713773727417
142,-1.0,-1.8452823162078857,0.8452823162078857
143,-2.5999999046325684,-2.209336996078491,0.39066290855407715
144,-2.799999952316284,-2.1530168056488037,0.6469831466674805
145,-1.600000023841858,-1.5951721668243408,0.00482785701751709
146,-2.5999999046325684,-1.897618293762207,0.7023816108703613
147,-2.5999999046325684,-1.6372902393341064,0.9627096652984619
148,-1.0,-1.1890383958816528,0.18903839588165283
149,-1.7999999523162842,-1.1017581224441528,0.6982418298721313
150,-2.799999952316284,-2.559751033782959,0.2402489185333252
151,-1.399999976158142,-1.3932909965515137,0.006708979606628418
152,-0.6000000238418579,-0.7828462719917297,0.18284624814987183
153,-3.0,-2.1203420162200928,0.8796579837799072
154,-3.0,-1.6372902393341064,1.3627097606658936
155,-1.600000023841858,-1.757230281829834,0.15723025798797607
156,-2.200000047683716,-2.208134889602661,0.008134841918945312
157,-2.200000047683716,-1.3497300148010254,0.8502700328826904
158,-3.0,-1.402501106262207,1.597498893737793
159,-3.0,-2.306429624557495,0.6935703754425049
160,-1.0,-0.9538267850875854,0.04617321491241455
161,-2.4000000953674316,-2.006218671798706,0.3937814235687256
162,-1.399999976158142,-1.3840374946594238,0.01596248149871826
163,-2.5,-1.0187327861785889,1.4812672138214111
164,0.0,0.8911921977996826,0.8911921977996826
165,-1.399999976158142,0.02240327186882496,1.422403248026967
166,-1.2000000476837158,-1.3893718719482422,0.18937182426452637
167,-0.4000000059604645,1.2453818321228027,1.6453818380832672
168,1.2000000476837158,-1.0453847646713257,2.2453848123550415
169,0.800000011920929,0.9185541272163391,0.11855411529541016
170,-2.0,-1.8183268308639526,0.18167316913604736
171,0.6000000238418579,0.8415902256965637,0.2415902018547058
172,-0.800000011920929,-0.9293662905693054,0.12936627864837646
173,1.0,0.9824839234352112,0.01751607656478882
174,-0.6000000238418579,-0.662680983543396,0.06268095970153809
175,-1.600000023841858,-1.4430044889450073,0.15699553489685059
176,-1.2000000476837158,1.0556602478027344,2.25566029548645
177,-1.7999999523162842,-0.3879813551902771,1.412018597126007
178,1.0,1.1768758296966553,0.17687582969665527
179,0.4000000059604645,-0.3121931254863739,0.7121931314468384
180,1.2000000476837158,0.7119488716125488,0.488051176071167
181,-1.600000023841858,-1.872632622718811,0.2726325988769531
182,0.800000011920929,0.607372522354126,0.19262748956680298
183,0.0,0.32555925846099854,0.32555925846099854
184,0.4000000059604645,0.3530151844024658,0.04698482155799866
185,-1.2000000476837158,-1.053312063217163,0.14668798446655273
186,-1.0,-0.8238821029663086,0.1761178970336914
187,-2.799999952316284,-2.2446129322052,0.555387020111084
188,-1.399999976158142,-1.9037147760391235,0.5037147998809814
189,-1.600000023841858,-1.479418158531189,0.12058186531066895
190,0.6666666865348816,-0.8624821901321411,1.5291488766670227
191,-2.200000047683716,-1.6766231060028076,0.5233769416809082
192,-1.2000000476837158,-1.0379396677017212,0.16206037998199463
193,0.20000000298023224,-0.458143949508667,0.6581439524888992
194,-2.4000000953674316,-2.563659429550171,0.16365933418273926
195,-0.4000000059604645,-0.5725653171539307,0.1725653111934662
196,1.399999976158142,1.7608120441436768,0.36081206798553467
197,-0.5,-1.144329309463501,0.644329309463501
198,-1.2000000476837158,-0.7309969663619995,0.4690030813217163
199,1.25,1.7126662731170654,0.46266627311706543
200,0.6000000238418579,1.0505932569503784,0.4505932331085205
201,-2.4000000953674316,-2.014817953109741,0.38518214225769043
202,-1.7999999523162842,-1.1589690446853638,0.6410309076309204
203,-2.5999999046325684,-1.3474551439285278,1.2525447607040405
204,-1.2000000476837158,-1.0302730798721313,0.16972696781158447
205,-1.7999999523162842,-1.4167081117630005,0.3832918405532837
206,-2.200000047683716,-1.565349817276001,0.6346502304077148
207,-2.0,-0.9287335276603699,1.0712664723396301
208,-0.800000011920929,-1.8985724449157715,1.0985724329948425
209,-1.7999999523162842,-0.8509067296981812,0.949093222618103
210,-1.600000023841858,-0.6817194819450378,0.9182805418968201
211,1.2000000476837158,0.8653156757354736,0.3346843719482422
212,-1.2000000476837158,-0.8647356629371643,0.3352643847465515
213,-1.0,0.8977258205413818,1.8977258205413818
214,-2.0,-1.1563549041748047,0.8436450958251953
215,-1.0,-1.183916687965393,0.18391668796539307
216,-0.6000000238418579,-0.8511432409286499,0.251143217086792
217,-0.4000000059604645,-0.13097134232521057,0.2690286636352539
218,2.0,1.5485236644744873,0.4514763355255127
219,1.399999976158142,1.596218228340149,0.19621825218200684
220,1.600000023841858,2.0023512840270996,0.4023512601852417
221,-2.5999999046325684,-1.3296390771865845,1.2703608274459839
222,-1.399999976158142,-2.286600351333618,0.8866003751754761
223,1.399999976158142,1.3298112154006958,0.07018876075744629
224,1.600000023841858,1.4643924236297607,0.13560760021209717
225,1.2000000476837158,1.7794976234436035,0.5794975757598877
226,-2.0,-0.3395072817802429,1.660492718219757
227,-1.0,-0.7083872556686401,0.29161274433135986
228,0.25,0.7484495639801025,0.49844956398010254
229,1.399999976158142,1.4531972408294678,0.053197264671325684
230,0.800000011920929,-0.1599707007408142,0.9599707126617432
231,0.5,0.07017812132835388,0.4298218786716461
232,1.2000000476837158,1.0714757442474365,0.1285243034362793
233,1.600000023841858,0.827923059463501,0.7720769643783569
234,0.0,-0.6932362914085388,0.6932362914085388
235,0.800000011920929,0.9558184146881104,0.1558184027671814
236,-2.4000000953674316,-0.766047477722168,1.6339526176452637
237,1.2000000476837158,0.26172828674316406,0.9382717609405518
238,-0.4000000059604645,-1.5260149240493774,1.126014918088913
239,-0.800000011920929,0.4359222948551178,1.2359223067760468
240,1.600000023841858,1.2506382465362549,0.349361777305603
241,-1.0,-0.7522090673446655,0.24779093265533447
242,-1.0,-1.5617973804473877,0.5617973804473877
243,-0.4000000059604645,0.2874297797679901,0.6874297857284546
244,-2.799999952316284,-1.8694196939468384,0.9305802583694458
245,-2.200000047683716,-2.050422191619873,0.14957785606384277
246,-2.799999952316284,-1.7792832851409912,1.020716667175293
247,0.0,0.010716835036873817,0.010716835036873817
248,-0.20000000298023224,-1.069166660308838,0.8691666573286057
249,-1.0,-1.358550786972046,0.3585507869720459
250,-0.5,-0.8999176621437073,0.3999176621437073
251,-0.4000000059604645,-0.8202632665634155,0.42026326060295105
252,0.0,-0.9260677695274353,0.9260677695274353
253,-0.20000000298023224,-0.2998516261577606,0.09985162317752838
254,0.0,0.155556321144104,0.155556321144104
255,0.20000000298023224,-0.2145116925239563,0.41451169550418854
256,0.0,0.34673798084259033,0.34673798084259033
257,-2.5999999046325684,-0.604116678237915,1.9958832263946533
258,1.2000000476837158,1.0867458581924438,0.11325418949127197
259,-1.25,-0.06783144921064377,1.1821685507893562
260,-2.0,-0.2589819133281708,1.7410180866718292
261,-0.4000000059604645,-0.8713192939758301,0.4713192880153656
262,0.20000000298023224,1.3209190368652344,1.1209190338850021
263,-1.600000023841858,-1.9715477228164673,0.3715476989746094
264,-1.0,-0.8036371469497681,0.19636285305023193
265,0.4000000059604645,0.16072124242782593,0.23927876353263855
266,0.0,-0.9845502376556396,0.9845502376556396
267,1.0,0.7267452478408813,0.27325475215911865
268,1.7999999523162842,1.9788508415222168,0.17885088920593262
269,-2.0,-1.2796282768249512,0.7203717231750488
270,-1.2000000476837158,-2.0923120975494385,0.8923120498657227
271,0.6000000238418579,0.8209550380706787,0.2209550142288208
272,0.0,-0.8194807767868042,0.8194807767868042
273,1.600000023841858,2.283735513687134,0.6837354898452759
274,-1.0,-0.5510144829750061,0.4489855170249939
275,2.799999952316284,2.908482789993286,0.10848283767700195
276,2.5999999046325684,2.505009889602661,0.09499001502990723
277,0.0,1.1111030578613281,1.1111030578613281
278,-1.600000023841858,0.8850802183151245,2.4850802421569824
279,-1.2000000476837158,-1.2710423469543457,0.07104229927062988
280,-1.600000023841858,-0.9926872253417969,0.607312798500061
281,-0.6000000238418579,-0.7555416226387024,0.15554159879684448
282,1.7999999523162842,2.12837553024292,0.32837557792663574
283,2.799999952316284,2.479562997817993,0.320436954498291
284,2.4000000953674316,1.9563355445861816,0.44366455078125
285,2.4000000953674316,2.0378410816192627,0.36215901374816895
286,0.5,1.243560552597046,0.7435605525970459
287,-0.6000000238418579,-0.980309247970581,0.38030922412872314
288,0.800000011920929,1.0988523960113525,0.2988523840904236
289,1.3333333730697632,0.8839194178581238,0.4494139552116394
290,1.2000000476837158,1.307924509048462,0.1079244613647461
291,-2.799999952316284,-2.4029057025909424,0.3970942497253418
292,-2.4000000953674316,-1.9788708686828613,0.4211292266845703
293,2.200000047683716,-1.9426007270812988,4.142600774765015
294,-2.200000047683716,-2.012970209121704,0.18702983856201172
295,-1.0,1.2186967134475708,2.218696713447571
296,-2.4000000953674316,-1.6145813465118408,0.7854187488555908
297,1.2000000476837158,1.9917329549789429,0.791732907295227
298,-1.0,-1.2803696393966675,0.2803696393966675
299,-2.0,-1.9661750793457031,0.033824920654296875
300,-2.0,-2.012774705886841,0.01277470588684082
301,-2.0,-1.956986904144287,0.04301309585571289
302,-1.600000023841858,-1.1194045543670654,0.4805954694747925
303,1.2000000476837158,0.5009978413581848,0.699002206325531
304,0.800000011920929,1.2781438827514648,0.4781438708305359
305,1.0,1.6128132343292236,0.6128132343292236
306,-1.3333333730697632,-1.2516083717346191,0.08172500133514404
307,2.0,1.737207293510437,0.262792706489563
308,-2.4000000953674316,-2.356757402420044,0.043242692947387695
309,-1.399999976158142,-1.5292036533355713,0.1292036771774292
310,1.7999999523162842,2.2931344509124756,0.4931344985961914
311,2.0,1.2831425666809082,0.7168574333190918
312,0.5,0.813271164894104,0.313271164894104
313,0.20000000298023224,0.3181798756122589,0.11817987263202667
314,0.6000000238418579,2.0938079357147217,1.4938079118728638
315,-1.7999999523162842,-1.8175172805786133,0.0175173282623291
316,-0.800000011920929,1.4323792457580566,2.2323792576789856
317,0.25,-0.6809250116348267,0.9309250116348267
318,0.800000011920929,1.1431565284729004,0.34315651655197144
319,0.4000000059604645,1.040261149406433,0.6402611434459686
320,-0.6000000238418579,-0.719725489616394,0.11972546577453613
321,0.4000000059604645,-0.07260191440582275,0.47260192036628723
322,-0.20000000298023224,-1.7489092350006104,1.5489092320203781
323,0.4000000059604645,0.907621443271637,0.5076214373111725
324,-0.20000000298023224,0.713994562625885,0.9139945656061172
325,0.6000000238418579,1.0489977598190308,0.44899773597717285
326,-0.20000000298023224,-0.32054030895233154,0.1205403059720993
327,2.0,1.5829434394836426,0.4170565605163574
328,-0.800000011920929,-0.43295225501060486,0.3670477569103241
329,2.0,1.630920648574829,0.3690793514251709
330,-0.75,-0.7457826137542725,0.004217386245727539
331,1.600000023841858,1.3241539001464844,0.27584612369537354
332,-1.0,-1.1762832403182983,0.17628324031829834
333,0.20000000298023224,0.8873634338378906,0.6873634308576584
334,-2.200000047683716,-1.8346216678619385,0.36537837982177734
335,-2.4000000953674316,-2.0473339557647705,0.35266613960266113
336,-1.2000000476837158,-1.2030119895935059,0.003011941909790039
337,-1.0,0.9756931662559509,1.975693166255951
338,-1.399999976158142,-1.3744068145751953,0.025593161582946777
339,-2.799999952316284,-2.374959707260132,0.42504024505615234
340,2.5999999046325684,2.4880831241607666,0.11191678047180176
341,-2.5999999046325684,-1.493260383605957,1.1067395210266113
342,-2.200000047683716,-1.7331860065460205,0.4668140411376953
343,-1.7999999523162842,-1.1179494857788086,0.6820504665374756
344,-2.0,-2.0463383197784424,0.04633831977844238
345,2.799999952316284,2.808905839920044,0.008905887603759766
346,-2.200000047683716,-2.5885226726531982,0.3885226249694824
347,-2.799999952316284,-2.7726924419403076,0.027307510375976562
348,0.20000000298023224,-2.357961416244507,2.557961419224739
349,-1.7999999523162842,1.0769819021224976,2.8769818544387817
350,-1.399999976158142,-1.3085730075836182,0.09142696857452393
351,-1.7999999523162842,-1.713954210281372,0.08604574203491211
352,-1.7999999523162842,-1.8581727743148804,0.05817282199859619
353,1.7999999523162842,1.8910542726516724,0.09105432033538818
354,2.5999999046325684,2.659571886062622,0.05957198143005371
355,-2.4000000953674316,-1.2112815380096436,1.188718557357788
356,-1.399999976158142,-1.50145423412323,0.10145425796508789
357,-2.4000000953674316,-1.1331217288970947,1.266878366470337
358,-2.799999952316284,-2.274555206298828,0.525444746017456
359,-2.799999952316284,-1.5451265573501587,1.2548733949661255
360,0.800000011920929,1.2995038032531738,0.4995037913322449
361,-1.2000000476837158,-1.0544664859771729,0.14553356170654297
362,1.2000000476837158,2.4753706455230713,1.2753705978393555
363,-2.4000000953674316,-0.5755673050880432,1.8244327902793884
364,-1.7999999523162842,-1.4788861274719238,0.32111382484436035
365,-2.200000047683716,-1.4117201566696167,0.7882798910140991
366,-1.399999976158142,0.14223331212997437,1.5422332882881165
367,0.0,0.25505468249320984,0.25505468249320984
368,-1.2000000476837158,-1.3341736793518066,0.13417363166809082
369,-2.200000047683716,-1.1350998878479004,1.0649001598358154
370,-1.399999976158142,-1.306797742843628,0.09320223331451416
371,1.2000000476837158,2.3297879695892334,1.1297879219055176
372,0.0,1.5949070453643799,1.5949070453643799
373,-1.600000023841858,-1.5663121938705444,0.03368782997131348
374,0.800000011920929,0.41931283473968506,0.3806871771812439
375,-1.600000023841858,-1.3228874206542969,0.27711260318756104
376,-0.4000000059604645,-0.6294097900390625,0.22940978407859802
377,-1.399999976158142,-1.604087233543396,0.2040872573852539
378,-1.0,-0.5970077514648438,0.40299224853515625
379,2.0,2.264698028564453,0.2646980285644531
380,-2.200000047683716,-1.975395679473877,0.22460436820983887
381,-1.0,0.007978308014571667,1.0079783080145717
382,0.0,-0.6947537064552307,0.6947537064552307
383,-1.399999976158142,-1.7185688018798828,0.3185688257217407
384,-1.0,-0.6211068034172058,0.3788931965827942
385,0.20000000298023224,-0.7698612213134766,0.9698612242937088
386,-0.6000000238418579,-0.5929404497146606,0.007059574127197266
387,1.399999976158142,1.5458691120147705,0.14586913585662842
388,1.600000023841858,1.122239351272583,0.4777606725692749
389,1.2000000476837158,1.8915879726409912,0.6915879249572754
390,-2.0,-1.320573091506958,0.679426908493042
391,0.20000000298023224,-0.37794291973114014,0.5779429227113724
392,-1.399999976158142,-1.6962223052978516,0.2962223291397095
393,2.0,2.1454765796661377,0.1454765796661377
394,2.0,2.1900203227996826,0.19002032279968262
395,1.600000023841858,1.6172277927398682,0.017227768898010254
396,1.2000000476837158,1.8808811902999878,0.680881142616272
397,1.0,-1.5123419761657715,2.5123419761657715
398,-1.2000000476837158,-1.5694799423217773,0.3694798946380615
399,-1.5,-1.394910216331482,0.10508978366851807
400,-1.7999999523162842,-1.49068284034729,0.30931711196899414
401,0.0,-0.6090875864028931,0.6090875864028931
402,0.6000000238418579,1.6240684986114502,1.0240684747695923
403,0.6000000238418579,1.806701421737671,1.206701397895813
404,-1.399999976158142,-1.9232938289642334,0.5232938528060913
405,1.25,1.3976777791976929,0.14767777919769287
406,0.800000011920929,1.9036979675292969,1.103697955608368
407,2.799999952316284,2.6929383277893066,0.10706162452697754
408,1.25,-1.3419902324676514,2.5919902324676514
409,0.800000011920929,1.2000524997711182,0.4000524878501892
410,-2.4000000953674316,-1.6332122087478638,0.7667878866195679
411,-1.7999999523162842,-1.3639874458312988,0.43601250648498535
412,-1.2000000476837158,-0.9744946956634521,0.22550535202026367
413,-2.200000047683716,-0.8887538909912109,1.3112461566925049
414,-2.0,-1.4768359661102295,0.5231640338897705
415,-1.399999976158142,-0.8119702935218811,0.588029682636261
416,0.800000011920929,1.254394292831421,0.45439428091049194
417,-2.0,-1.520781397819519,0.47921860218048096
418,0.0,-0.7979551553726196,0.7979551553726196
419,-1.600000023841858,-1.7246291637420654,0.12462913990020752
420,0.6000000238418579,-1.0388001203536987,1.6388001441955566
421,-2.0,0.9355252981185913,2.9355252981185913
422,-1.399999976158142,-0.3604952096939087,1.0395047664642334
423,-2.0,-2.1972062587738037,0.1972062587738037
424,-1.399999976158142,-1.286073923110962,0.11392605304718018
425,-1.600000023841858,-1.3016347885131836,0.2983652353286743
426,1.399999976158142,1.9171717166900635,0.5171717405319214
427,2.200000047683716,1.5855810642242432,0.6144189834594727
428,2.799999952316284,2.5152671337127686,0.2847328186035156
429,-0.800000011920929,-0.755615770816803,0.04438424110412598
430,-1.399999976158142,-1.3248708248138428,0.07512915134429932
431,1.600000023841858,1.2711427211761475,0.32885730266571045
432,-1.0,-0.16857203841209412,0.8314279615879059
433,-2.200000047683716,-1.501299500465393,0.6987005472183228
434,-2.0,-0.8954760432243347,1.1045239567756653
435,-1.399999976158142,-0.7536066174507141,0.646393358707428
436,2.0,1.1839535236358643,0.8160464763641357
437,1.7999999523162842,-0.5066109895706177,2.306610941886902
438,0.800000011920929,0.7585231065750122,0.04147690534591675
439,-1.2000000476837158,-1.0861680507659912,0.11383199691772461
440,-2.200000047683716,-0.8586010932922363,1.3413989543914795
441,-1.600000023841858,-0.028818681836128235,1.5711813420057297
442,2.0,1.2251694202423096,0.7748305797576904
443,0.800000011920929,0.8377492427825928,0.03774923086166382
444,2.0,1.2135319709777832,0.7864680290222168
445,-1.25,-0.06387235224246979,1.1861276477575302
446,0.800000011920929,1.2244139909744263,0.4244139790534973
447,-2.5999999046325684,-2.5300238132476807,0.0699760913848877
448,2.25,1.7486419677734375,0.5013580322265625
449,-0.800000011920929,-0.10636235773563385,0.6936376541852951
450,-2.4000000953674316,-2.3703973293304443,0.029602766036987305
451,-2.799999952316284,-1.7261584997177124,1.0738414525985718
452,-2.5999999046325684,-1.7935853004455566,0.8064146041870117
453,-0.4000000059604645,-0.4635736048221588,0.06357359886169434
454,-1.600000023841858,-2.0600781440734863,0.4600781202316284
455,-1.399999976158142,-1.5215351581573486,0.12153518199920654
456,-2.5999999046325684,-1.7712435722351074,0.8287563323974609
457,-2.5999999046325684,-2.2730212211608887,0.3269786834716797
458,-1.0,-0.20278167724609375,0.7972183227539062
459,-2.0,-2.014343023300171,0.014343023300170898
460,-2.5999999046325684,-2.0427350997924805,0.5572648048400879
461,-1.600000023841858,-1.8192952871322632,0.21929526329040527
462,-1.7999999523162842,-1.6828367710113525,0.11716318130493164
463,-1.600000023841858,-0.9245716333389282,0.6754283905029297
464,-2.200000047683716,0.09045372903347015,2.290453776717186
465,-1.399999976158142,-1.887298345565796,0.4872983694076538
466,0.800000011920929,2.1323983669281006,1.3323983550071716
467,-2.5999999046325684,-0.2239111363887787,2.3760887682437897
468,-2.200000047683716,-1.8194156885147095,0.38058435916900635
469,2.799999952316284,1.9474306106567383,0.8525693416595459
470,2.4000000953674316,1.8710312843322754,0.5289688110351562
471,2.5999999046325684,1.4216265678405762,1.1783733367919922
472,1.399999976158142,-0.055195391178131104,1.4551953673362732
473,0.4000000059604645,0.8554952144622803,0.4554952085018158
474,1.25,1.1072750091552734,0.14272499084472656
475,-1.399999976158142,-0.9802438616752625,0.41975611448287964
476,-1.2000000476837158,-1.2720351219177246,0.07203507423400879
477,-1.0,-0.3617529571056366,0.6382470428943634
478,-1.7999999523162842,-0.9075573086738586,0.8924426436424255
479,-1.600000023841858,-0.8437334299087524,0.7562665939331055
480,-2.5999999046325684,-2.380228281021118,0.2197716236114502
481,-2.0,0.9067332148551941,2.906733214855194
482,-2.4000000953674316,-1.4488880634307861,0.9511120319366455
483,-2.0,0.7332655191421509,2.733265519142151
484,-1.600000023841858,-1.0888893604278564,0.5111106634140015
485,-0.4000000059604645,0.035248350352048874,0.43524835631251335
486,-2.200000047683716,-2.0306997299194336,0.16930031776428223
487,0.0,0.3101278245449066,0.3101278245449066
488,-2.0,-1.55599844455719,0.44400155544281006
489,0.5,0.8009127378463745,0.3009127378463745
490,-2.799999952316284,-1.8261182308197021,0.973881721496582
491,-2.200000047683716,-1.0054765939712524,1.1945234537124634
492,1.600000023841858,1.23720121383667,0.362798810005188
493,1.399999976158142,1.3721654415130615,0.027834534645080566
494,-2.0,-1.2521201372146606,0.7478798627853394
495,-1.399999976158142,-1.2157471179962158,0.18425285816192627
496,-0.4000000059604645,-0.36441487073898315,0.03558513522148132
497,-2.799999952316284,-2.189746141433716,0.6102538108825684
498,-1.0,-0.6563504338264465,0.34364956617355347
499,-1.600000023841858,-1.514144778251648,0.08585524559020996
500,-1.7999999523162842,-1.127990961074829,0.6720089912414551
501,0.4000000059604645,0.6218200922012329,0.22182008624076843
502,0.800000011920929,1.703397512435913,0.9033975005149841
503,0.0,0.8780161142349243,0.8780161142349243
504,-2.0,-2.4850475788116455,0.4850475788116455
505,-2.0,-1.4746973514556885,0.5253026485443115
506,-0.800000011920929,-1.046170949935913,0.24617093801498413
507,-0.800000011920929,-0.5999888181686401,0.20001119375228882
508,-1.7999999523162842,-1.6738325357437134,0.1261674165725708
509,-1.0,-0.2930551767349243,0.7069448232650757
510,-2.0,-1.2493261098861694,0.7506738901138306
511,-0.6000000238418579,-0.5403735637664795,0.05962646007537842
512,-1.7999999523162842,-1.336087942123413,0.4639120101928711
513,-0.6000000238418579,0.19221675395965576,0.7922167778015137
514,-2.200000047683716,-1.9878008365631104,0.21219921112060547
515,-0.800000011920929,0.6505306363105774,1.4505306482315063
516,-2.0,-1.3617260456085205,0.6382739543914795
517,0.25,-0.7954490184783936,1.0454490184783936
518,-1.399999976158142,-1.7276458740234375,0.3276458978652954
519,-1.399999976158142,-1.4560208320617676,0.05602085590362549
520,0.0,-0.18680217862129211,0.18680217862129211
521,0.20000000298023224,0.8919268250465393,0.6919268220663071
522,-1.0,-0.8474081754684448,0.15259182453155518
523,2.5999999046325684,1.7926008701324463,0.8073990345001221
524,-0.4000000059604645,0.998744010925293,1.3987440168857574
525,0.6000000238418579,-0.5628271102905273,1.1628271341323853
526,0.0,-0.15222108364105225,0.15222108364105225
527,2.0,2.133399248123169,0.13339924812316895
528,0.800000011920929,0.6917921900749207,0.1082078218460083
529,1.399999976158142,0.25500139594078064,1.1449985802173615
530,1.7999999523162842,1.491865873336792,0.3081340789794922
531,1.7999999523162842,1.9463565349578857,0.14635658264160156
532,2.200000047683716,1.5773897171020508,0.622610330581665
533,1.600000023841858,1.266451120376587,0.333548903465271
534,-0.4000000059604645,-0.6105816960334778,0.2105816900730133
535,1.7999999523162842,1.2961705923080444,0.5038293600082397
536,1.5,0.9874373078346252,0.5125626921653748
537,2.4000000953674316,1.7629430294036865,0.6370570659637451
538,0.0,-0.4488772749900818,0.4488772749900818
539,2.0,2.450700044631958,0.450700044631958
540,2.4000000953674316,2.4228720664978027,0.022871971130371094
541,1.399999976158142,-0.44566071033477783,1.84566068649292
542,2.200000047683716,1.6711034774780273,0.5288965702056885
543,1.2000000476837158,1.9400529861450195,0.7400529384613037
544,1.0,0.18939292430877686,0.8106070756912231
545,1.399999976158142,-0.6269965767860413,2.0269965529441833
546,-1.5,-0.9371302723884583,0.5628697276115417
547,2.200000047683716,2.1222434043884277,0.07775664329528809
548,-2.0,-1.089302659034729,0.910697340965271
549,1.600000023841858,0.9086686372756958,0.6913313865661621
550,0.20000000298023224,0.8067377805709839,0.6067377775907516
551,0.0,1.1216208934783936,1.1216208934783936
552,-2.4000000953674316,-2.2567920684814453,0.14320802688598633
553,2.200000047683716,1.1655066013336182,1.0344934463500977
554,1.7999999523162842,1.8741648197174072,0.07416486740112305
555,1.7999999523162842,1.90328049659729,0.10328054428100586
556,2.0,1.536786675453186,0.46321332454681396
557,2.4000000953674316,1.6846009492874146,0.7153991460800171
558,2.5999999046325684,1.698587417602539,0.9014124870300293
559,-0.25,0.013528479263186455,0.26352847926318645
560,1.3333333730697632,-0.17261970043182373,1.505953073501587
561,-0.20000000298023224,-0.4130052328109741,0.21300522983074188
562,0.20000000298023224,0.7610092163085938,0.5610092133283615
563,2.4000000953674316,1.768943190574646,0.6310569047927856
564,2.0,2.0041260719299316,0.004126071929931641
565,2.5999999046325684,1.7713453769683838,0.8286545276641846
566,0.4000000059604645,0.9337635040283203,0.5337634980678558
567,1.399999976158142,-0.5771008729934692,1.9771008491516113
568,2.4000000953674316,2.024313449859619,0.3756866455078125
569,1.2000000476837158,1.7733608484268188,0.573360800743103
570,2.200000047683716,2.0847485065460205,0.11525154113769531
571,1.2000000476837158,1.4335923194885254,0.23359227180480957
572,0.6000000238418579,0.7497460842132568,0.14974606037139893
573,0.5,0.3047788739204407,0.19522112607955933
574,-0.800000011920929,-1.1489109992980957,0.34891098737716675
575,0.0,0.8183369040489197,0.8183369040489197
576,1.0,-1.044886589050293,2.044886589050293
577,0.20000000298023224,1.5323741436004639,1.3323741406202316
578,1.7999999523162842,1.172589898109436,0.6274100542068481
579,-1.2000000476837158,-1.2269375324249268,0.026937484741210938
580,-0.20000000298023224,-0.49154162406921387,0.29154162108898163
581,-2.0,-1.7757296562194824,0.22427034378051758
582,-1.7999999523162842,-1.6968291997909546,0.10317075252532959
583,0.4000000059604645,-0.5071265697479248,0.9071265757083893
584,1.600000023841858,0.7571775913238525,0.8428224325180054
585,2.0,1.3158624172210693,0.6841375827789307
586,-0.800000011920929,-1.3551383018493652,0.5551382899284363
587,2.0,0.6960496306419373,1.3039503693580627
588,-0.4000000059604645,0.9407997131347656,1.34079971909523
589,2.0,1.94704008102417,0.05295991897583008
590,-1.0,-1.1157052516937256,0.11570525169372559
591,-0.6000000238418579,-0.7536870241165161,0.1536870002746582
592,-0.4000000059604645,1.1481329202651978,1.5481329262256622
593,1.600000023841858,1.4229059219360352,0.17709410190582275
594,1.399999976158142,1.521491289138794,0.12149131298065186
595,1.7999999523162842,1.7366893291473389,0.06331062316894531
596,1.399999976158142,1.5255322456359863,0.12553226947784424
597,2.0,1.1934411525726318,0.8065588474273682
598,1.7999999523162842,1.3409264087677002,0.459073543548584
599,0.0,0.40281420946121216,0.40281420946121216
600,2.4000000953674316,2.0044450759887695,0.3955550193786621
601,1.7999999523162842,2.3824710845947266,0.5824711322784424
602,0.800000011920929,1.7929503917694092,0.9929503798484802
603,0.800000011920929,2.302788734436035,1.5027887225151062
604,0.800000011920929,0.984484076499939,0.18448406457901
605,0.75,-0.7563936114311218,1.5063936114311218
606,-1.0,-1.4623135328292847,0.46231353282928467
607,0.5,1.6416184902191162,1.1416184902191162
608,-1.2000000476837158,0.7065001726150513,1.906500220298767
609,-0.20000000298023224,-0.4879007935523987,0.28790079057216644
610,-1.5,-0.7750484943389893,0.7249515056610107
611,-1.0,-0.22032183408737183,0.7796781659126282
612,-0.6000000238418579,-0.8487645387649536,0.2487645149230957
613,-1.399999976158142,-1.0712029933929443,0.32879698276519775
614,-0.6666666865348816,-1.4975581169128418,0.8308914303779602
615,-1.7999999523162842,-1.123449683189392,0.6765502691268921
616,2.200000047683716,2.223797082901001,0.023797035217285156
617,0.6000000238418579,0.9763582944869995,0.3763582706451416
618,0.6000000238418579,0.7229735851287842,0.12297356128692627
619,0.20000000298023224,-0.6703030467033386,0.8703030496835709
620,-2.0,-1.5709915161132812,0.42900848388671875
621,-1.600000023841858,-1.1599088907241821,0.4400911331176758
622,-0.6000000238418579,0.1535072922706604,0.7535073161125183
623,0.20000000298023224,-0.7769961357116699,0.9769961386919022
624,2.0,1.5445712804794312,0.45542871952056885
625,2.200000047683716,1.4433140754699707,0.7566859722137451
626,-0.800000011920929,-1.3863540887832642,0.5863540768623352
627,-2.0,-0.35657137632369995,1.6434286236763
628,-1.2000000476837158,-1.7864407300949097,0.5864406824111938
629,-2.0,-1.2627100944519043,0.7372899055480957
630,-0.20000000298023224,-1.1920771598815918,0.9920771569013596
631,0.4000000059604645,0.9824773073196411,0.5824773013591766
632,0.0,-0.13127535581588745,0.13127535581588745
633,-1.7999999523162842,-1.9502002000808716,0.1502002477645874
634,0.4000000059604645,-0.2801758348941803,0.6801758408546448
635,-1.399999976158142,-1.4968055486679077,0.09680557250976562
636,-2.0,-1.5205700397491455,0.4794299602508545
637,2.0,0.8462997674942017,1.1537002325057983
638,-0.6000000238418579,-0.6458989381790161,0.0458989143371582
639,-2.0,-1.45042085647583,0.5495791435241699
640,-1.0,-0.966749906539917,0.03325009346008301
641,-2.0,-1.468022346496582,0.531977653503418
642,-1.7999999523162842,-1.6453382968902588,0.1546616554260254
643,-0.6000000238418579,-0.2695937156677246,0.3304063081741333
644,-2.200000047683716,-2.07423996925354,0.12576007843017578
645,-1.600000023841858,-1.0277761220932007,0.5722239017486572
646,0.800000011920929,1.101315975189209,0.30131596326828003
647,-1.7999999523162842,-0.5954771637916565,1.2045227885246277
648,-1.600000023841858,-1.7096182107925415,0.1096181869506836
649,-1.2000000476837158,-0.9825286865234375,0.21747136116027832
650,-1.600000023841858,-2.0708234310150146,0.47082340717315674
651,1.600000023841858,1.9478957653045654,0.3478957414627075
652,-1.600000023841858,-1.583153247833252,0.016846776008605957
653,-1.600000023841858,-0.8106421232223511,0.7893579006195068
654,-2.200000047683716,-1.8507946729660034,0.3492053747177124
655,1.0,1.1877224445343018,0.18772244453430176
656,1.0,0.8321075439453125,0.1678924560546875
657,-1.0,-2.10884690284729,1.10884690284729
658,-1.0,-1.7781659364700317,0.7781659364700317
659,0.6000000238418579,1.209213376045227,0.6092133522033691
660,-2.4000000953674316,-2.0407297611236572,0.3592703342437744
661,-1.399999976158142,-1.4444830417633057,0.044483065605163574
662,-1.0,-1.1994850635528564,0.19948506355285645
663,-1.5,-1.6920198202133179,0.19201982021331787
664,-2.0,-1.5533684492111206,0.4466315507888794
665,1.7999999523162842,1.948696494102478,0.14869654178619385
666,1.75,2.0613865852355957,0.3113865852355957
667,0.6000000238418579,1.5238865613937378,0.9238865375518799
668,-0.800000011920929,-0.38496771454811096,0.415032297372818
669,-1.399999976158142,-0.8477375507354736,0.5522624254226685
670,0.6000000238418579,0.7395730018615723,0.13957297801971436
671,0.6000000238418579,-0.47057801485061646,1.0705780386924744
672,-0.5,0.2498115599155426,0.7498115599155426
673,0.0,-0.6275268197059631,0.6275268197059631
674,1.0,1.0068163871765137,0.006816387176513672
675,0.0,-0.4565160274505615,0.4565160274505615
676,0.800000011920929,0.8749909400939941,0.07499092817306519
677,1.399999976158142,1.3556022644042969,0.044397711753845215
678,-1.2000000476837158,-1.7984980344772339,0.5984979867935181
679,-2.0,-1.6021859645843506,0.3978140354156494
680,-1.0,-1.4089276790618896,0.40892767906188965
681,0.800000011920929,0.7081800699234009,0.09181994199752808
682,-0.4000000059604645,0.31282687187194824,0.7128268778324127
683,1.2000000476837158,1.9045610427856445,0.7045609951019287
684,0.6000000238418579,1.7757155895233154,1.1757155656814575
